secret,time step,start time,digit,generation date,expected TOTP
JBSWY3DPEHPK3PXP,30,0,9,0,678007510
JBSWY3DPEHPK3PXP,30,0,9,238550400,349554227
JBSWY3DPEHPK3PXP,1800,0,9,0,678007510
JBSWY3DPEHPK3PXP,1800,0,9,238550400,172820632
JBSWY3DPEHPK3PXP,30,0,6,0,007510
JBSWY3DPEHPK3PXP,30,0,6,238550400,554227
JBSWY3DPEHPK3PXP,15,0,6,0,007510
JBSWY3DPEHPK3PXP,15,0,6,238550400,241322
JBSWY3DPEHPK3PXP,30,143596800,9,0,023348228
JBSWY3DPEHPK3PXP,30,143596800,9,238550400,556689893
WouldYouGuessMe,30,143596800,9,0,943529845
WouldYouGuessMe,30,143596800,9,238550400,562991192
IGuessNot,5,0,7,0,5164644
IGuessNot,5,0,7,238550400,5340935
